{
    "adUrl": "",
    "complete": true,
    "invoiceNo": "363804378896",
    "itemImage": "",
    "itemName": "01 [20000] 의류.서적류 46",
    "level": 6,
    "receiverAddr": "",
    "receiverName": "",
    "recipient": "",
    "result": "Y",
    "senderName": "",
    "trackingDetails": [
        {
            "kind": "집화처리",
            "level": 2,
            "manName": "",
            "manPic": "",
            "telno": "070-7532-1909",
            "telno2": "",
            "time": 1676365696000,
            "timeString": "2023-02-14 18:08:16",
            "where": "경기시흥",
            "code": null,
            "remark": null
        },
        {
            "kind": "간선상차",
            "level": 3,
            "manName": "",
            "manPic": "",
            "telno": "",
            "telno2": "",
            "time": 1676438751000,
            "timeString": "2023-02-15 14:25:51",
            "where": "시흥1",
            "code": null,
            "remark": null
        },
        {
            "kind": "간선하차",
            "level": 3,
            "manName": "",
            "manPic": "",
            "telno": "",
            "telno2": "",
            "time": 1676488125000,
            "timeString": "2023-02-16 04:08:45",
            "where": "곤지암Hub",
            "code": null,
            "remark": null
        },
        {
            "kind": "간선하차",
            "level": 3,
            "manName": "",
            "manPic": "",
            "telno": "",
            "telno2": "",
            "time": 1676488427000,
            "timeString": "2023-02-16 04:13:47",
            "where": "곤지암Hub",
            "code": null,
            "remark": null
        },
        {
            "kind": "간선상차",
            "level": 3,
            "manName": "",
            "manPic": "",
            "telno": "",
            "telno2": "",
            "time": 1676488533000,
            "timeString": "2023-02-16 04:15:33",
            "where": "곤지암Hub",
            "code": null,
            "remark": null
        },
        {
            "kind": "간선하차",
            "level": 3,
            "manName": "",
            "manPic": "",
            "telno": "031-956-1276",
            "telno2": "",
            "time": 1676508992000,
            "timeString": "2023-02-16 09:56:32",
            "where": "권선",
            "code": null,
            "remark": null
        },
        {
            "kind": "간선하차",
            "level": 3,
            "manName": "",
            "manPic": "",
            "telno": "031-956-1276",
            "telno2": "",
            "time": 1676509030000,
            "timeString": "2023-02-16 09:57:10",
            "where": "권선",
            "code": null,
            "remark": null
        },
        {
            "kind": "배달출발\n(배달예정시간\n:14∼16시)",
            "level": 5,
            "manName": "최용덕",
            "manPic": "",
            "telno": "070-8917-0609",
            "telno2": "01057012339",
            "time": 1676513547000,
            "timeString": "2023-02-16 11:12:27",
            "where": "경기남수원",
            "code": null,
            "remark": null
        },
        {
            "kind": "배달완료",
            "level": 6,
            "manName": "최용덕",
            "manPic": "",
            "telno": "070-8917-0609",
            "telno2": "01057012339",
            "time": 1676525606000,
            "timeString": "2023-02-16 14:33:26",
            "where": "경기남수원",
            "code": null,
            "remark": null
        }
    ],
    "orderNumber": null,
    "estimate": "14∼16시",
    "productInfo": null,
    "zipCode": null,
    "lastDetail": {
        "kind": "배달완료",
        "level": 6,
        "manName": "최용덕",
        "manPic": "",
        "telno": "070-8917-0609",
        "telno2": "01057012339",
        "time": 1676525606000,
        "timeString": "2023-02-16 14:33:26",
        "where": "경기남수원",
        "code": null,
        "remark": null
    },
    "lastStateDetail": {
        "kind": "배달완료",
        "level": 6,
        "manName": "최용덕",
        "manPic": "",
        "telno": "070-8917-0609",
        "telno2": "01057012339",
        "time": 1676525606000,
        "timeString": "2023-02-16 14:33:26",
        "where": "경기남수원",
        "code": null,
        "remark": null
    },
    "firstDetail": {
        "kind": "집화처리",
        "level": 2,
        "manName": "",
        "manPic": "",
        "telno": "070-7532-1909",
        "telno2": "",
        "time": 1676365696000,
        "timeString": "2023-02-14 18:08:16",
        "where": "경기시흥",
        "code": null,
        "remark": null
    },
    "completeYN": "Y"
}